0041	0061
0042	0062
0043	0063
0044	0064
0045	0065
0046	0066
0047	0067
0048	0068
0049	0069
004a	006a
004b	006b
004c	006c
004d	006d
004e	006e
004f	006f
0050	0070
0051	0071
0052	0072
0053	0073
0054	0074
0055	0075
0056	0076
0057	0077
0058	0078
0059	0079
005a	007a
00c0	0061
00c1	0061
00c2	0061
00c3	0061
00c4	0061
00c5	0061
00c6	00e6
00c7	0063
00c8	0065
00c9	0065
00ca	0065
00cb	0065
00cc	0069
00cd	0069
00ce	0069
00cf	0069
00d0	00f0
00d1	006e
00d2	006f
00d3	006f
00d4	006f
00d5	006f
00d6	006f
00d8	00f8
00d9	0075
00da	0075
00db	0075
00dc	0075
00dd	0079
00de	00fe
00e0	0061
00e1	0061
00e2	0061
00e3	0061
00e4	0061
00e5	0061
00e7	0063
00e8	0065
00e9	0065
00ea	0065
00eb	0065
00ec	0069
00ed	0069
00ee	0069
00ef	0069
00f1	006e
00f2	006f
00f3	006f
00f4	006f
00f5	006f
00f6	006f
00f9	0075
00fa	0075
00fb	0075
00fc	0075
00fd	0079
00ff	0079
0100	0061
0101	0061
0102	0061
0103	0061
0104	0061
0105	0061
0106	0063
0107	0063
0108	0063
0109	0063
010a	0063
010b	0063
010c	0063
010d	0063
010e	0064
010f	0064
0110	0111
0112	0065
0113	0065
0114	0065
0115	0065
0116	0065
0117	0065
0118	0065
0119	0065
011a	0065
011b	0065
011c	0067
011d	0067
011e	0067
011f	0067
0120	0067
0121	0067
0122	0067
0123	0067
0124	0068
0125	0068
0126	0127
0128	0069
0129	0069
012a	0069
012b	0069
012c	0069
012d	0069
012e	0069
012f	0069
0130	0069
0132	0133
0134	006a
0135	006a
0136	006b
0137	006b
0139	006c
013a	006c
013b	006c
013c	006c
013d	006c
013e	006c
013f	0140
0141	0142
0143	006e
0144	006e
0145	006e
0146	006e
0147	006e
0148	006e
014a	014b
014c	006f
014d	006f
014e	006f
014f	006f
0150	006f
0151	006f
0152	0153
0154	0072
0155	0072
0156	0072
0157	0072
0158	0072
0159	0072
015a	0073
015b	0073
015c	0073
015d	0073
015e	0073
015f	0073
0160	0073
0161	0073
0162	0074
0163	0074
0164	0074
0165	0074
0166	0167
0168	0075
0169	0075
016a	0075
016b	0075
016c	0075
016d	0075
016e	0075
016f	0075
0170	0075
0171	0075
0172	0075
0173	0075
0174	0077
0175	0077
0176	0079
0177	0079
0178	0079
0179	007a
017a	007a
017b	007a
017c	007a
017d	007a
017e	007a
0181	0253
0182	0183
0184	0185
0186	0254
0187	0188
0189	0256
018a	0257
018b	018c
018e	01dd
018f	0259
0190	025b
0191	0192
0193	0260
0194	0263
0196	0269
0197	0268
0198	0199
019c	026f
019d	0272
019f	0275
01a0	006f
01a1	006f
01a2	01a3
01a4	01a5
01a6	0280
01a7	01a8
01a9	0283
01ac	01ad
01ae	0288
01af	0075
01b0	0075
01b1	028a
01b2	028b
01b3	01b4
01b5	01b6
01b7	0292
01b8	01b9
01bc	01bd
01c4	01c6
01c5	01c6
01c7	01c9
01c8	01c9
01ca	01cc
01cb	01cc
01cd	0061
01ce	0061
01cf	0069
01d0	0069
01d1	006f
01d2	006f
01d3	0075
01d4	0075
01d5	0075
01d6	0075
01d7	0075
01d8	0075
01d9	0075
01da	0075
01db	0075
01dc	0075
01de	0061
01df	0061
01e0	0061
01e1	0061
01e2	00e6
01e3	00e6
01e4	01e5
01e6	0067
01e7	0067
01e8	006b
01e9	006b
01ea	006f
01eb	006f
01ec	006f
01ed	006f
01ee	0292
01ef	0292
01f0	006a
01f1	01f3
01f2	01f3
01f4	0067
01f5	0067
01f6	0195
01f7	01bf
01f8	006e
01f9	006e
01fa	0061
01fb	0061
01fc	00e6
01fd	00e6
01fe	00f8
01ff	00f8
0200	0061
0201	0061
0202	0061
0203	0061
0204	0065
0205	0065
0206	0065
0207	0065
0208	0069
0209	0069
020a	0069
020b	0069
020c	006f
020d	006f
020e	006f
020f	006f
0210	0072
0211	0072
0212	0072
0213	0072
0214	0075
0215	0075
0216	0075
0217	0075
0218	0073
0219	0073
021a	0074
021b	0074
021c	021d
021e	0068
021f	0068
0220	019e
0222	0223
0224	0225
0226	0061
0227	0061
0228	0065
0229	0065
022a	006f
022b	006f
022c	006f
022d	006f
022e	006f
022f	006f
0230	006f
0231	006f
0232	0079
0233	0079
023a	2c65
023b	023c
023d	019a
023e	2c66
0241	0242
0243	0180
0244	0289
0245	028c
0246	0247
0248	0249
024a	024b
024c	024d
024e	024f
0300	
0301	
0302	
0303	
0304	
0305	
0306	
0307	
0308	
0309	
030a	
030b	
030c	
030d	
030e	
030f	
0310	
0311	
0312	
0313	
0314	
0315	
0316	
0317	
0318	
0319	
031a	
031b	
031c	
031d	
031e	
031f	
0320	
0321	
0322	
0323	
0324	
0325	
0326	
0327	
0328	
0329	
032a	
032b	
032c	
032d	
032e	
032f	
0330	
0331	
0332	
0333	
0334	
0335	
0336	
0337	
0338	
0339	
033a	
033b	
033c	
033d	
033e	
033f	
0340	
0341	
0342	
0343	
0344	
0345	
0346	
0347	
0348	
0349	
034a	
034b	
034c	
034d	
034e	
034f	
0350	
0351	
0352	
0353	
0354	
0355	
0356	
0357	
0358	
0359	
035a	
035b	
035c	
035d	
035e	
035f	
0360	
0361	
0362	
0363	
0364	
0365	
0366	
0367	
0368	
0369	
036a	
036b	
036c	
036d	
036e	
036f	
0370	0371
0372	0373
0374	02b9
0376	0377
037e	003b
037f	03f3
0385	00a8
0386	03b1
0387	00b7
0388	03b5
0389	03b7
038a	03b9
038c	03bf
038e	03c5
038f	03c9
0390	03b9
0391	03b1
0392	03b2
0393	03b3
0394	03b4
0395	03b5
0396	03b6
0397	03b7
0398	03b8
0399	03b9
039a	03ba
039b	03bb
039c	03bc
039d	03bd
039e	03be
039f	03bf
03a0	03c0
03a1	03c1
03a3	03c3
03a4	03c4
03a5	03c5
03a6	03c6
03a7	03c7
03a8	03c8
03a9	03c9
03aa	03b9
03ab	03c5
03ac	03b1
03ad	03b5
03ae	03b7
03af	03b9
03b0	03c5
03ca	03b9
03cb	03c5
03cc	03bf
03cd	03c5
03ce	03c9
03cf	03d7
03d3	03d2
03d4	03d2
03d8	03d9
03da	03db
03dc	03dd
03de	03df
03e0	03e1
03e2	03e3
03e4	03e5
03e6	03e7
03e8	03e9
03ea	03eb
03ec	03ed
03ee	03ef
03f4	03b8
03f7	03f8
03f9	03f2
03fa	03fb
03fd	037b
03fe	037c
03ff	037d
0400	0435
0401	0435
0402	0452
0403	0433
0404	0454
0405	0455
0406	0456
0407	0456
0408	0458
0409	0459
040a	045a
040b	045b
040c	043a
040d	0438
040e	0443
040f	045f
0410	0430
0411	0431
0412	0432
0413	0433
0414	0434
0415	0435
0416	0436
0417	0437
0418	0438
0419	0438
041a	043a
041b	043b
041c	043c
041d	043d
041e	043e
041f	043f
0420	0440
0421	0441
0422	0442
0423	0443
0424	0444
0425	0445
0426	0446
0427	0447
0428	0448
0429	0449
042a	044a
042b	044b
042c	044c
042d	044d
042e	044e
042f	044f
0439	0438
0450	0435
0451	0435
0453	0433
0457	0456
045c	043a
045d	0438
045e	0443
0460	0461
0462	0463
0464	0465
0466	0467
0468	0469
046a	046b
046c	046d
046e	046f
0470	0471
0472	0473
0474	0475
0476	0475
0477	0475
0478	0479
047a	047b
047c	047d
047e	047f
0480	0481
048a	048b
048c	048d
048e	048f
0490	0491
0492	0493
0494	0495
0496	0497
0498	0499
049a	049b
049c	049d
049e	049f
04a0	04a1
04a2	04a3
04a4	04a5
04a6	04a7
04a8	04a9
04aa	04ab
04ac	04ad
04ae	04af
04b0	04b1
04b2	04b3
04b4	04b5
04b6	04b7
04b8	04b9
04ba	04bb
04bc	04bd
04be	04bf
04c0	04cf
04c1	0436
04c2	0436
04c3	04c4
04c5	04c6
04c7	04c8
04c9	04ca
04cb	04cc
04cd	04ce
04d0	0430
04d1	0430
04d2	0430
04d3	0430
04d4	04d5
04d6	0435
04d7	0435
04d8	04d9
04da	04d9
04db	04d9
04dc	0436
04dd	0436
04de	0437
04df	0437
04e0	04e1
04e2	0438
04e3	0438
04e4	0438
04e5	0438
04e6	043e
04e7	043e
04e8	04e9
04ea	04e9
04eb	04e9
04ec	044d
04ed	044d
04ee	0443
04ef	0443
04f0	0443
04f1	0443
04f2	0443
04f3	0443
04f4	0447
04f5	0447
04f6	04f7
04f8	044b
04f9	044b
04fa	04fb
04fc	04fd
04fe	04ff
0500	0501
0502	0503
0504	0505
0506	0507
0508	0509
050a	050b
050c	050d
050e	050f
0510	0511
0512	0513
0514	0515
0516	0517
0518	0519
051a	051b
051c	051d
051e	051f
0520	0521
0522	0523
0524	0525
0526	0527
0528	0529
052a	052b
052c	052d
052e	052f
0531	0561
0532	0562
0533	0563
0534	0564
0535	0565
0536	0566
0537	0567
0538	0568
0539	0569
053a	056a
053b	056b
053c	056c
053d	056d
053e	056e
053f	056f
0540	0570
0541	0571
0542	0572
0543	0573
0544	0574
0545	0575
0546	0576
0547	0577
0548	0578
0549	0579
054a	057a
054b	057b
054c	057c
054d	057d
054e	057e
054f	057f
0550	0580
0551	0581
0552	0582
0553	0583
0554	0584
0555	0585
0556	0586
0958	0915 093c
0959	0916 093c
095a	0917 093c
095b	091c 093c
095c	0921 093c
095d	0922 093c
095e	092b 093c
095f	092f 093c
09dc	09a1 09bc
09dd	09a2 09bc
09df	09af 09bc
0a33	0a32 0a3c
0a36	0a38 0a3c
0a59	0a16 0a3c
0a5a	0a17 0a3c
0a5b	0a1c 0a3c
0a5e	0a2b 0a3c
0b5c	0b21 0b3c
0b5d	0b22 0b3c
0f43	0f42 0fb7
0f4d	0f4c 0fb7
0f52	0f51 0fb7
0f57	0f56 0fb7
0f5c	0f5b 0fb7
0f69	0f40 0fb5
0f73	0f71 0f72
0f75	0f71 0f74
0f76	0fb2 0f80
0f78	0fb3 0f80
0f81	0f71 0f80
0f93	0f92 0fb7
0f9d	0f9c 0fb7
0fa2	0fa1 0fb7
0fa7	0fa6 0fb7
0fac	0fab 0fb7
0fb9	0f90 0fb5
10a0	2d00
10a1	2d01
10a2	2d02
10a3	2d03
10a4	2d04
10a5	2d05
10a6	2d06
10a7	2d07
10a8	2d08
10a9	2d09
10aa	2d0a
10ab	2d0b
10ac	2d0c
10ad	2d0d
10ae	2d0e
10af	2d0f
10b0	2d10
10b1	2d11
10b2	2d12
10b3	2d13
10b4	2d14
10b5	2d15
10b6	2d16
10b7	2d17
10b8	2d18
10b9	2d19
10ba	2d1a
10bb	2d1b
10bc	2d1c
10bd	2d1d
10be	2d1e
10bf	2d1f
10c0	2d20
10c1	2d21
10c2	2d22
10c3	2d23
10c4	2d24
10c5	2d25
10c7	2d27
10cd	2d2d
13a0	ab70
13a1	ab71
13a2	ab72
13a3	ab73
13a4	ab74
13a5	ab75
13a6	ab76
13a7	ab77
13a8	ab78
13a9	ab79
13aa	ab7a
13ab	ab7b
13ac	ab7c
13ad	ab7d
13ae	ab7e
13af	ab7f
13b0	ab80
13b1	ab81
13b2	ab82
13b3	ab83
13b4	ab84
13b5	ab85
13b6	ab86
13b7	ab87
13b8	ab88
13b9	ab89
13ba	ab8a
13bb	ab8b
13bc	ab8c
13bd	ab8d
13be	ab8e
13bf	ab8f
13c0	ab90
13c1	ab91
13c2	ab92
13c3	ab93
13c4	ab94
13c5	ab95
13c6	ab96
13c7	ab97
13c8	ab98
13c9	ab99
13ca	ab9a
13cb	ab9b
13cc	ab9c
13cd	ab9d
13ce	ab9e
13cf	ab9f
13d0	aba0
13d1	aba1
13d2	aba2
13d3	aba3
13d4	aba4
13d5	aba5
13d6	aba6
13d7	aba7
13d8	aba8
13d9	aba9
13da	abaa
13db	abab
13dc	abac
13dd	abad
13de	abae
13df	abaf
13e0	abb0
13e1	abb1
13e2	abb2
13e3	abb3
13e4	abb4
13e5	abb5
13e6	abb6
13e7	abb7
13e8	abb8
13e9	abb9
13ea	abba
13eb	abbb
13ec	abbc
13ed	abbd
13ee	abbe
13ef	abbf
13f0	13f8
13f1	13f9
13f2	13fa
13f3	13fb
13f4	13fc
13f5	13fd
1c89	1c8a
1c90	10d0
1c91	10d1
1c92	10d2
1c93	10d3
1c94	10d4
1c95	10d5
1c96	10d6
1c97	10d7
1c98	10d8
1c99	10d9
1c9a	10da
1c9b	10db
1c9c	10dc
1c9d	10dd
1c9e	10de
1c9f	10df
1ca0	10e0
1ca1	10e1
1ca2	10e2
1ca3	10e3
1ca4	10e4
1ca5	10e5
1ca6	10e6
1ca7	10e7
1ca8	10e8
1ca9	10e9
1caa	10ea
1cab	10eb
1cac	10ec
1cad	10ed
1cae	10ee
1caf	10ef
1cb0	10f0
1cb1	10f1
1cb2	10f2
1cb3	10f3
1cb4	10f4
1cb5	10f5
1cb6	10f6
1cb7	10f7
1cb8	10f8
1cb9	10f9
1cba	10fa
1cbd	10fd
1cbe	10fe
1cbf	10ff
1e00	0061
1e01	0061
1e02	0062
1e03	0062
1e04	0062
1e05	0062
1e06	0062
1e07	0062
1e08	0063
1e09	0063
1e0a	0064
1e0b	0064
1e0c	0064
1e0d	0064
1e0e	0064
1e0f	0064
1e10	0064
1e11	0064
1e12	0064
1e13	0064
1e14	0065
1e15	0065
1e16	0065
1e17	0065
1e18	0065
1e19	0065
1e1a	0065
1e1b	0065
1e1c	0065
1e1d	0065
1e1e	0066
1e1f	0066
1e20	0067
1e21	0067
1e22	0068
1e23	0068
1e24	0068
1e25	0068
1e26	0068
1e27	0068
1e28	0068
1e29	0068
1e2a	0068
1e2b	0068
1e2c	0069
1e2d	0069
1e2e	0069
1e2f	0069
1e30	006b
1e31	006b
1e32	006b
1e33	006b
1e34	006b
1e35	006b
1e36	006c
1e37	006c
1e38	006c
1e39	006c
1e3a	006c
1e3b	006c
1e3c	006c
1e3d	006c
1e3e	006d
1e3f	006d
1e40	006d
1e41	006d
1e42	006d
1e43	006d
1e44	006e
1e45	006e
1e46	006e
1e47	006e
1e48	006e
1e49	006e
1e4a	006e
1e4b	006e
1e4c	006f
1e4d	006f
1e4e	006f
1e4f	006f
1e50	006f
1e51	006f
1e52	006f
1e53	006f
1e54	0070
1e55	0070
1e56	0070
1e57	0070
1e58	0072
1e59	0072
1e5a	0072
1e5b	0072
1e5c	0072
1e5d	0072
1e5e	0072
1e5f	0072
1e60	0073
1e61	0073
1e62	0073
1e63	0073
1e64	0073
1e65	0073
1e66	0073
1e67	0073
1e68	0073
1e69	0073
1e6a	0074
1e6b	0074
1e6c	0074
1e6d	0074
1e6e	0074
1e6f	0074
1e70	0074
1e71	0074
1e72	0075
1e73	0075
1e74	0075
1e75	0075
1e76	0075
1e77	0075
1e78	0075
1e79	0075
1e7a	0075
1e7b	0075
1e7c	0076
1e7d	0076
1e7e	0076
1e7f	0076
1e80	0077
1e81	0077
1e82	0077
1e83	0077
1e84	0077
1e85	0077
1e86	0077
1e87	0077
1e88	0077
1e89	0077
1e8a	0078
1e8b	0078
1e8c	0078
1e8d	0078
1e8e	0079
1e8f	0079
1e90	007a
1e91	007a
1e92	007a
1e93	007a
1e94	007a
1e95	007a
1e96	0068
1e97	0074
1e98	0077
1e99	0079
1e9b	017f
1e9e	00df
1ea0	0061
1ea1	0061
1ea2	0061
1ea3	0061
1ea4	0061
1ea5	0061
1ea6	0061
1ea7	0061
1ea8	0061
1ea9	0061
1eaa	0061
1eab	0061
1eac	0061
1ead	0061
1eae	0061
1eaf	0061
1eb0	0061
1eb1	0061
1eb2	0061
1eb3	0061
1eb4	0061
1eb5	0061
1eb6	0061
1eb7	0061
1eb8	0065
1eb9	0065
1eba	0065
1ebb	0065
1ebc	0065
1ebd	0065
1ebe	0065
1ebf	0065
1ec0	0065
1ec1	0065
1ec2	0065
1ec3	0065
1ec4	0065
1ec5	0065
1ec6	0065
1ec7	0065
1ec8	0069
1ec9	0069
1eca	0069
1ecb	0069
1ecc	006f
1ecd	006f
1ece	006f
1ecf	006f
1ed0	006f
1ed1	006f
1ed2	006f
1ed3	006f
1ed4	006f
1ed5	006f
1ed6	006f
1ed7	006f
1ed8	006f
1ed9	006f
1eda	006f
1edb	006f
1edc	006f
1edd	006f
1ede	006f
1edf	006f
1ee0	006f
1ee1	006f
1ee2	006f
1ee3	006f
1ee4	0075
1ee5	0075
1ee6	0075
1ee7	0075
1ee8	0075
1ee9	0075
1eea	0075
1eeb	0075
1eec	0075
1eed	0075
1eee	0075
1eef	0075
1ef0	0075
1ef1	0075
1ef2	0079
1ef3	0079
1ef4	0079
1ef5	0079
1ef6	0079
1ef7	0079
1ef8	0079
1ef9	0079
1efa	1efb
1efc	1efd
1efe	1eff
1f00	03b1
1f01	03b1
1f02	03b1
1f03	03b1
1f04	03b1
1f05	03b1
1f06	03b1
1f07	03b1
1f08	03b1
1f09	03b1
1f0a	03b1
1f0b	03b1
1f0c	03b1
1f0d	03b1
1f0e	03b1
1f0f	03b1
1f10	03b5
1f11	03b5
1f12	03b5
1f13	03b5
1f14	03b5
1f15	03b5
1f18	03b5
1f19	03b5
1f1a	03b5
1f1b	03b5
1f1c	03b5
1f1d	03b5
1f20	03b7
1f21	03b7
1f22	03b7
1f23	03b7
1f24	03b7
1f25	03b7
1f26	03b7
1f27	03b7
1f28	03b7
1f29	03b7
1f2a	03b7
1f2b	03b7
1f2c	03b7
1f2d	03b7
1f2e	03b7
1f2f	03b7
1f30	03b9
1f31	03b9
1f32	03b9
1f33	03b9
1f34	03b9
1f35	03b9
1f36	03b9
1f37	03b9
1f38	03b9
1f39	03b9
1f3a	03b9
1f3b	03b9
1f3c	03b9
1f3d	03b9
1f3e	03b9
1f3f	03b9
1f40	03bf
1f41	03bf
1f42	03bf
1f43	03bf
1f44	03bf
1f45	03bf
1f48	03bf
1f49	03bf
1f4a	03bf
1f4b	03bf
1f4c	03bf
1f4d	03bf
1f50	03c5
1f51	03c5
1f52	03c5
1f53	03c5
1f54	03c5
1f55	03c5
1f56	03c5
1f57	03c5
1f59	03c5
1f5b	03c5
1f5d	03c5
1f5f	03c5
1f60	03c9
1f61	03c9
1f62	03c9
1f63	03c9
1f64	03c9
1f65	03c9
1f66	03c9
1f67	03c9
1f68	03c9
1f69	03c9
1f6a	03c9
1f6b	03c9
1f6c	03c9
1f6d	03c9
1f6e	03c9
1f6f	03c9
1f70	03b1
1f71	03b1
1f72	03b5
1f73	03b5
1f74	03b7
1f75	03b7
1f76	03b9
1f77	03b9
1f78	03bf
1f79	03bf
1f7a	03c5
1f7b	03c5
1f7c	03c9
1f7d	03c9
1f80	03b1
1f81	03b1
1f82	03b1
1f83	03b1
1f84	03b1
1f85	03b1
1f86	03b1
1f87	03b1
1f88	03b1
1f89	03b1
1f8a	03b1
1f8b	03b1
1f8c	03b1
1f8d	03b1
1f8e	03b1
1f8f	03b1
1f90	03b7
1f91	03b7
1f92	03b7
1f93	03b7
1f94	03b7
1f95	03b7
1f96	03b7
1f97	03b7
1f98	03b7
1f99	03b7
1f9a	03b7
1f9b	03b7
1f9c	03b7
1f9d	03b7
1f9e	03b7
1f9f	03b7
1fa0	03c9
1fa1	03c9
1fa2	03c9
1fa3	03c9
1fa4	03c9
1fa5	03c9
1fa6	03c9
1fa7	03c9
1fa8	03c9
1fa9	03c9
1faa	03c9
1fab	03c9
1fac	03c9
1fad	03c9
1fae	03c9
1faf	03c9
1fb0	03b1
1fb1	03b1
1fb2	03b1
1fb3	03b1
1fb4	03b1
1fb6	03b1
1fb7	03b1
1fb8	03b1
1fb9	03b1
1fba	03b1
1fbb	03b1
1fbc	03b1
1fbe	03b9
1fc1	00a8
1fc2	03b7
1fc3	03b7
1fc4	03b7
1fc6	03b7
1fc7	03b7
1fc8	03b5
1fc9	03b5
1fca	03b7
1fcb	03b7
1fcc	03b7
1fcd	1fbf
1fce	1fbf
1fcf	1fbf
1fd0	03b9
1fd1	03b9
1fd2	03b9
1fd3	03b9
1fd6	03b9
1fd7	03b9
1fd8	03b9
1fd9	03b9
1fda	03b9
1fdb	03b9
1fdd	1ffe
1fde	1ffe
1fdf	1ffe
1fe0	03c5
1fe1	03c5
1fe2	03c5
1fe3	03c5
1fe4	03c1
1fe5	03c1
1fe6	03c5
1fe7	03c5
1fe8	03c5
1fe9	03c5
1fea	03c5
1feb	03c5
1fec	03c1
1fed	00a8
1fee	00a8
1fef	0060
1ff2	03c9
1ff3	03c9
1ff4	03c9
1ff6	03c9
1ff7	03c9
1ff8	03bf
1ff9	03bf
1ffa	03c9
1ffb	03c9
1ffc	03c9
1ffd	00b4
2000	2002
2001	2003
2126	03c9
212a	006b
212b	0061
2132	214e
2160	2170
2161	2171
2162	2172
2163	2173
2164	2174
2165	2175
2166	2176
2167	2177
2168	2178
2169	2179
216a	217a
216b	217b
216c	217c
216d	217d
216e	217e
216f	217f
2183	2184
219a	2190
219b	2192
21ae	2194
21cd	21d0
21ce	21d4
21cf	21d2
2204	2203
2209	2208
220c	220b
2224	2223
2226	2225
2241	223c
2244	2243
2247	2245
2249	2248
2260	003d
2262	2261
226d	224d
226e	003c
226f	003e
2270	2264
2271	2265
2274	2272
2275	2273
2278	2276
2279	2277
2280	227a
2281	227b
2284	2282
2285	2283
2288	2286
2289	2287
22ac	22a2
22ad	22a8
22ae	22a9
22af	22ab
22e0	227c
22e1	227d
22e2	2291
22e3	2292
22ea	22b2
22eb	22b3
22ec	22b4
22ed	22b5
2329	3008
232a	3009
24b6	24d0
24b7	24d1
24b8	24d2
24b9	24d3
24ba	24d4
24bb	24d5
24bc	24d6
24bd	24d7
24be	24d8
24bf	24d9
24c0	24da
24c1	24db
24c2	24dc
24c3	24dd
24c4	24de
24c5	24df
24c6	24e0
24c7	24e1
24c8	24e2
24c9	24e3
24ca	24e4
24cb	24e5
24cc	24e6
24cd	24e7
24ce	24e8
24cf	24e9
2adc	2add
2c00	2c30
2c01	2c31
2c02	2c32
2c03	2c33
2c04	2c34
2c05	2c35
2c06	2c36
2c07	2c37
2c08	2c38
2c09	2c39
2c0a	2c3a
2c0b	2c3b
2c0c	2c3c
2c0d	2c3d
2c0e	2c3e
2c0f	2c3f
2c10	2c40
2c11	2c41
2c12	2c42
2c13	2c43
2c14	2c44
2c15	2c45
2c16	2c46
2c17	2c47
2c18	2c48
2c19	2c49
2c1a	2c4a
2c1b	2c4b
2c1c	2c4c
2c1d	2c4d
2c1e	2c4e
2c1f	2c4f
2c20	2c50
2c21	2c51
2c22	2c52
2c23	2c53
2c24	2c54
2c25	2c55
2c26	2c56
2c27	2c57
2c28	2c58
2c29	2c59
2c2a	2c5a
2c2b	2c5b
2c2c	2c5c
2c2d	2c5d
2c2e	2c5e
2c2f	2c5f
2c60	2c61
2c62	026b
2c63	1d7d
2c64	027d
2c67	2c68
2c69	2c6a
2c6b	2c6c
2c6d	0251
2c6e	0271
2c6f	0250
2c70	0252
2c72	2c73
2c75	2c76
2c7e	023f
2c7f	0240
2c80	2c81
2c82	2c83
2c84	2c85
2c86	2c87
2c88	2c89
2c8a	2c8b
2c8c	2c8d
2c8e	2c8f
2c90	2c91
2c92	2c93
2c94	2c95
2c96	2c97
2c98	2c99
2c9a	2c9b
2c9c	2c9d
2c9e	2c9f
2ca0	2ca1
2ca2	2ca3
2ca4	2ca5
2ca6	2ca7
2ca8	2ca9
2caa	2cab
2cac	2cad
2cae	2caf
2cb0	2cb1
2cb2	2cb3
2cb4	2cb5
2cb6	2cb7
2cb8	2cb9
2cba	2cbb
2cbc	2cbd
2cbe	2cbf
2cc0	2cc1
2cc2	2cc3
2cc4	2cc5
2cc6	2cc7
2cc8	2cc9
2cca	2ccb
2ccc	2ccd
2cce	2ccf
2cd0	2cd1
2cd2	2cd3
2cd4	2cd5
2cd6	2cd7
2cd8	2cd9
2cda	2cdb
2cdc	2cdd
2cde	2cdf
2ce0	2ce1
2ce2	2ce3
2ceb	2cec
2ced	2cee
2cf2	2cf3
a640	a641
a642	a643
a644	a645
a646	a647
a648	a649
a64a	a64b
a64c	a64d
a64e	a64f
a650	a651
a652	a653
a654	a655
a656	a657
a658	a659
a65a	a65b
a65c	a65d
a65e	a65f
a660	a661
a662	a663
a664	a665
a666	a667
a668	a669
a66a	a66b
a66c	a66d
a680	a681
a682	a683
a684	a685
a686	a687
a688	a689
a68a	a68b
a68c	a68d
a68e	a68f
a690	a691
a692	a693
a694	a695
a696	a697
a698	a699
a69a	a69b
a722	a723
a724	a725
a726	a727
a728	a729
a72a	a72b
a72c	a72d
a72e	a72f
a732	a733
a734	a735
a736	a737
a738	a739
a73a	a73b
a73c	a73d
a73e	a73f
a740	a741
a742	a743
a744	a745
a746	a747
a748	a749
a74a	a74b
a74c	a74d
a74e	a74f
a750	a751
a752	a753
a754	a755
a756	a757
a758	a759
a75a	a75b
a75c	a75d
a75e	a75f
a760	a761
a762	a763
a764	a765
a766	a767
a768	a769
a76a	a76b
a76c	a76d
a76e	a76f
a779	a77a
a77b	a77c
a77d	1d79
a77e	a77f
a780	a781
a782	a783
a784	a785
a786	a787
a78b	a78c
a78d	0265
a790	a791
a792	a793
a796	a797
a798	a799
a79a	a79b
a79c	a79d
a79e	a79f
a7a0	a7a1
a7a2	a7a3
a7a4	a7a5
a7a6	a7a7
a7a8	a7a9
a7aa	0266
a7ab	025c
a7ac	0261
a7ad	026c
a7ae	026a
a7b0	029e
a7b1	0287
a7b2	029d
a7b3	ab53
a7b4	a7b5
a7b6	a7b7
a7b8	a7b9
a7ba	a7bb
a7bc	a7bd
a7be	a7bf
a7c0	a7c1
a7c2	a7c3
a7c4	a794
a7c5	0282
a7c6	1d8e
a7c7	a7c8
a7c9	a7ca
a7cb	0264
a7cc	a7cd
a7ce	a7cf
a7d0	a7d1
a7d2	a7d3
a7d4	a7d5
a7d6	a7d7
a7d8	a7d9
a7da	a7db
a7dc	019b
a7f5	a7f6
f900	8c48
f901	66f4
f902	8eca
f903	8cc8
f904	6ed1
f905	4e32
f906	53e5
f907	9f9c
f908	9f9c
f909	5951
f90a	91d1
f90b	5587
f90c	5948
f90d	61f6
f90e	7669
f90f	7f85
f910	863f
f911	87ba
f912	88f8
f913	908f
f914	6a02
f915	6d1b
f916	70d9
f917	73de
f918	843d
f919	916a
f91a	99f1
f91b	4e82
f91c	5375
f91d	6b04
f91e	721b
f91f	862d
f920	9e1e
f921	5d50
f922	6feb
f923	85cd
f924	8964
f925	62c9
f926	81d8
f927	881f
f928	5eca
f929	6717
f92a	6d6a
f92b	72fc
f92c	90ce
f92d	4f86
f92e	51b7
f92f	52de
f930	64c4
f931	6ad3
f932	7210
f933	76e7
f934	8001
f935	8606
f936	865c
f937	8def
f938	9732
f939	9b6f
f93a	9dfa
f93b	788c
f93c	797f
f93d	7da0
f93e	83c9
f93f	9304
f940	9e7f
f941	8ad6
f942	58df
f943	5f04
f944	7c60
f945	807e
f946	7262
f947	78ca
f948	8cc2
f949	96f7
f94a	58d8
f94b	5c62
f94c	6a13
f94d	6dda
f94e	6f0f
f94f	7d2f
f950	7e37
f951	964b
f952	52d2
f953	808b
f954	51dc
f955	51cc
f956	7a1c
f957	7dbe
f958	83f1
f959	9675
f95a	8b80
f95b	62cf
f95c	6a02
f95d	8afe
f95e	4e39
f95f	5be7
f960	6012
f961	7387
f962	7570
f963	5317
f964	78fb
f965	4fbf
f966	5fa9
f967	4e0d
f968	6ccc
f969	6578
f96a	7d22
f96b	53c3
f96c	585e
f96d	7701
f96e	8449
f96f	8aaa
f970	6bba
f971	8fb0
f972	6c88
f973	62fe
f974	82e5
f975	63a0
f976	7565
f977	4eae
f978	5169
f979	51c9
f97a	6881
f97b	7ce7
f97c	826f
f97d	8ad2
f97e	91cf
f97f	52f5
f980	5442
f981	5973
f982	5eec
f983	65c5
f984	6ffe
f985	792a
f986	95ad
f987	9a6a
f988	9e97
f989	9ece
f98a	529b
f98b	66c6
f98c	6b77
f98d	8f62
f98e	5e74
f98f	6190
f990	6200
f991	649a
f992	6f23
f993	7149
f994	7489
f995	79ca
f996	7df4
f997	806f
f998	8f26
f999	84ee
f99a	9023
f99b	934a
f99c	5217
f99d	52a3
f99e	54bd
f99f	70c8
f9a0	88c2
f9a1	8aaa
f9a2	5ec9
f9a3	5ff5
f9a4	637b
f9a5	6bae
f9a6	7c3e
f9a7	7375
f9a8	4ee4
f9a9	56f9
f9aa	5be7
f9ab	5dba
f9ac	601c
f9ad	73b2
f9ae	7469
f9af	7f9a
f9b0	8046
f9b1	9234
f9b2	96f6
f9b3	9748
f9b4	9818
f9b5	4f8b
f9b6	79ae
f9b7	91b4
f9b8	96b8
f9b9	60e1
f9ba	4e86
f9bb	50da
f9bc	5bee
f9bd	5c3f
f9be	6599
f9bf	6a02
f9c0	71ce
f9c1	7642
f9c2	84fc
f9c3	907c
f9c4	9f8d
f9c5	6688
f9c6	962e
f9c7	5289
f9c8	677b
f9c9	67f3
f9ca	6d41
f9cb	6e9c
f9cc	7409
f9cd	7559
f9ce	786b
f9cf	7d10
f9d0	985e
f9d1	516d
f9d2	622e
f9d3	9678
f9d4	502b
f9d5	5d19
f9d6	6dea
f9d7	8f2a
f9d8	5f8b
f9d9	6144
f9da	6817
f9db	7387
f9dc	9686
f9dd	5229
f9de	540f
f9df	5c65
f9e0	6613
f9e1	674e
f9e2	68a8
f9e3	6ce5
f9e4	7406
f9e5	75e2
f9e6	7f79
f9e7	88cf
f9e8	88e1
f9e9	91cc
f9ea	96e2
f9eb	533f
f9ec	6eba
f9ed	541d
f9ee	71d0
f9ef	7498
f9f0	85fa
f9f1	96a3
f9f2	9c57
f9f3	9e9f
f9f4	6797
f9f5	6dcb
f9f6	81e8
f9f7	7acb
f9f8	7b20
f9f9	7c92
f9fa	72c0
f9fb	7099
f9fc	8b58
f9fd	4ec0
f9fe	8336
f9ff	523a
fa00	5207
fa01	5ea6
fa02	62d3
fa03	7cd6
fa04	5b85
fa05	6d1e
fa06	66b4
fa07	8f3b
fa08	884c
fa09	964d
fa0a	898b
fa0b	5ed3
fa0c	5140
fa0d	55c0
fa10	585a
fa12	6674
fa15	51de
fa16	732a
fa17	76ca
fa18	793c
fa19	795e
fa1a	7965
fa1b	798f
fa1c	9756
fa1d	7cbe
fa1e	7fbd
fa20	8612
fa22	8af8
fa25	9038
fa26	90fd
fa2a	98ef
fa2b	98fc
fa2c	9928
fa2d	9db4
fa2e	90de
fa2f	96b7
fa30	4fae
fa31	50e7
fa32	514d
fa33	52c9
fa34	52e4
fa35	5351
fa36	559d
fa37	5606
fa38	5668
fa39	5840
fa3a	58a8
fa3b	5c64
fa3c	5c6e
fa3d	6094
fa3e	6168
fa3f	618e
fa40	61f2
fa41	654f
fa42	65e2
fa43	6691
fa44	6885
fa45	6d77
fa46	6e1a
fa47	6f22
fa48	716e
fa49	722b
fa4a	7422
fa4b	7891
fa4c	793e
fa4d	7949
fa4e	7948
fa4f	7950
fa50	7956
fa51	795d
fa52	798d
fa53	798e
fa54	7a40
fa55	7a81
fa56	7bc0
fa57	7df4
fa58	7e09
fa59	7e41
fa5a	7f72
fa5b	8005
fa5c	81ed
fa5d	8279
fa5e	8279
fa5f	8457
fa60	8910
fa61	8996
fa62	8b01
fa63	8b39
fa64	8cd3
fa65	8d08
fa66	8fb6
fa67	9038
fa68	96e3
fa69	97ff
fa6a	983b
fa6b	6075
fa6c	242ee
fa6d	8218
fa70	4e26
fa71	51b5
fa72	5168
fa73	4f80
fa74	5145
fa75	5180
fa76	52c7
fa77	52fa
fa78	559d
fa79	5555
fa7a	5599
fa7b	55e2
fa7c	585a
fa7d	58b3
fa7e	5944
fa7f	5954
fa80	5a62
fa81	5b28
fa82	5ed2
fa83	5ed9
fa84	5f69
fa85	5fad
fa86	60d8
fa87	614e
fa88	6108
fa89	618e
fa8a	6160
fa8b	61f2
fa8c	6234
fa8d	63c4
fa8e	641c
fa8f	6452
fa90	6556
fa91	6674
fa92	6717
fa93	671b
fa94	6756
fa95	6b79
fa96	6bba
fa97	6d41
fa98	6edb
fa99	6ecb
fa9a	6f22
fa9b	701e
fa9c	716e
fa9d	77a7
fa9e	7235
fa9f	72af
faa0	732a
faa1	7471
faa2	7506
faa3	753b
faa4	761d
faa5	761f
faa6	76ca
faa7	76db
faa8	76f4
faa9	774a
faaa	7740
faab	78cc
faac	7ab1
faad	7bc0
faae	7c7b
faaf	7d5b
fab0	7df4
fab1	7f3e
fab2	8005
fab3	8352
fab4	83ef
fab5	8779
fab6	8941
fab7	8986
fab8	8996
fab9	8abf
faba	8af8
fabb	8acb
fabc	8b01
fabd	8afe
fabe	8aed
fabf	8b39
fac0	8b8a
fac1	8d08
fac2	8f38
fac3	9072
fac4	9199
fac5	9276
fac6	967c
fac7	96e3
fac8	9756
fac9	97db
faca	97ff
facb	980b
facc	983b
facd	9b12
face	9f9c
facf	2284a
fad0	22844
fad1	233d5
fad2	3b9d
fad3	4018
fad4	4039
fad5	25249
fad6	25cd0
fad7	27ed3
fad8	9f43
fad9	9f8e
fb1d	05d9 05b4
fb1f	05f2 05b7
fb2a	05e9 05c1
fb2b	05e9 05c2
fb2c	05e9 05bc 05c1
fb2d	05e9 05bc 05c2
fb2e	05d0 05b7
fb2f	05d0 05b8
fb30	05d0 05bc
fb31	05d1 05bc
fb32	05d2 05bc
fb33	05d3 05bc
fb34	05d4 05bc
fb35	05d5 05bc
fb36	05d6 05bc
fb38	05d8 05bc
fb39	05d9 05bc
fb3a	05da 05bc
fb3b	05db 05bc
fb3c	05dc 05bc
fb3e	05de 05bc
fb40	05e0 05bc
fb41	05e1 05bc
fb43	05e3 05bc
fb44	05e4 05bc
fb46	05e6 05bc
fb47	05e7 05bc
fb48	05e8 05bc
fb49	05e9 05bc
fb4a	05ea 05bc
fb4b	05d5 05b9
fb4c	05d1 05bf
fb4d	05db 05bf
fb4e	05e4 05bf
ff21	ff41
ff22	ff42
ff23	ff43
ff24	ff44
ff25	ff45
ff26	ff46
ff27	ff47
ff28	ff48
ff29	ff49
ff2a	ff4a
ff2b	ff4b
ff2c	ff4c
ff2d	ff4d
ff2e	ff4e
ff2f	ff4f
ff30	ff50
ff31	ff51
ff32	ff52
ff33	ff53
ff34	ff54
ff35	ff55
ff36	ff56
ff37	ff57
ff38	ff58
ff39	ff59
ff3a	ff5a
